timestamp,key
2025-11-11T07:09:29.140869Z,o
2025-11-11T07:09:29.159914Z,k
2025-11-11T07:09:29.283384Z,k
2025-11-11T07:09:30.333690Z,d
2025-11-11T07:09:30.378469Z,s
2025-11-11T07:09:30.599418Z,v
2025-11-11T07:09:30.606922Z,k
2025-11-11T07:09:31.368073Z,c
2025-11-11T07:09:31.397863Z,;
2025-11-11T07:09:31.416981Z,v
2025-11-11T07:09:31.913321Z,k
2025-11-11T07:09:32.065533Z,x
2025-11-11T07:09:32.249408Z,n
2025-11-11T07:09:32.321027Z,v
2025-11-11T07:09:32.338261Z,c
2025-11-11T07:09:32.588078Z,l
2025-11-11T07:09:32.758201Z,n
2025-11-11T07:09:32.823757Z,x
2025-11-11T07:09:32.941870Z,v
2025-11-11T07:09:33.491427Z,x
2025-11-11T07:09:33.655424Z,z
2025-11-11T07:09:33.712535Z,c
2025-11-11T07:09:33.732623Z,v
2025-11-11T07:09:33.774083Z,j
2025-11-11T07:09:33.961525Z,j
2025-11-11T07:09:34.509460Z,j
2025-11-11T07:09:34.694195Z,k
2025-11-11T07:09:34.790390Z,l
2025-11-11T07:09:35.049924Z,v
2025-11-11T07:09:35.351548Z,j
2025-11-11T07:09:35.524073Z,n
2025-11-11T07:09:37.758411Z,m
2025-11-11T07:09:38.379066Z, 
2025-11-11T07:09:38.503627Z,v
2025-11-11T07:09:38.781909Z,z
2025-11-11T07:09:38.790938Z, 
2025-11-11T07:09:38.848051Z,j
2025-11-11T07:09:39.159003Z,v
2025-11-11T07:09:39.574063Z,c
2025-11-11T07:09:39.602899Z,v
2025-11-11T07:09:39.791397Z,m
2025-11-11T07:09:39.857798Z, 
2025-11-11T07:09:40.101806Z, 
2025-11-11T07:09:40.331189Z,m
2025-11-11T07:09:40.505989Z, 
2025-11-11T07:09:40.812845Z, 
2025-11-11T07:09:40.993678Z,j
2025-11-11T07:09:41.252563Z,k
2025-11-11T07:09:41.680353Z,f
2025-11-11T07:09:41.722853Z,g
2025-11-11T07:09:42.164842Z,b
2025-11-11T07:09:42.245058Z,b
2025-11-11T07:09:42.755932Z,e
2025-11-11T07:09:42.852789Z,f
2025-11-11T07:09:42.951641Z,c
2025-11-11T07:09:43.187579Z,p
2025-11-11T07:09:43.301975Z, 
2025-11-11T07:09:43.582487Z,f
2025-11-11T07:09:43.599277Z,c
2025-11-11T07:09:43.835540Z,n
2025-11-11T07:09:44.032945Z,j
2025-11-11T07:14:03.879992Z,s
2025-11-11T07:14:03.925403Z,n
2025-11-11T07:14:03.950085Z,d
2025-11-11T07:14:04.068774Z,c
2025-11-11T07:14:04.123440Z,i
2025-11-11T07:14:04.311677Z,n
2025-11-11T07:14:19.783285Z,j
2025-11-11T07:14:19.983055Z,k
2025-11-11T07:14:20.181797Z, 
2025-11-11T07:14:20.263900Z,m
2025-11-11T07:14:20.388154Z, 
2025-11-11T07:14:20.599422Z,m
2025-11-11T07:14:20.757582Z, 
2025-11-11T07:14:20.935317Z,k
2025-11-11T07:14:20.955581Z,m
2025-11-11T07:15:00.849376Z,m
2025-11-11T07:15:01.120616Z,m
2025-11-11T07:15:01.357478Z,p
2025-11-11T07:15:01.424870Z,m
2025-11-11T07:15:01.578229Z,l
2025-11-11T07:15:01.733949Z,m
2025-11-11T07:15:01.887670Z,l
2025-11-11T07:15:02.036877Z,m
2025-11-11T07:15:02.246995Z,l
2025-11-11T07:15:02.400812Z,m
2025-11-11T07:15:02.596209Z,l
2025-11-11T07:15:02.736047Z,m
2025-11-11T07:15:02.901284Z,l
2025-11-11T07:15:03.226975Z,l
2025-11-11T07:15:03.528486Z,l
2025-11-11T07:15:03.665103Z,","
2025-11-11T07:15:03.828766Z,;
2025-11-11T07:15:03.849048Z,l
2025-11-11T07:15:03.997197Z,","
2025-11-11T07:15:04.104694Z,;
2025-11-11T07:15:04.259072Z,","
2025-11-11T07:15:04.370942Z,;
2025-11-11T07:15:04.541259Z,","
2025-11-11T07:15:04.759840Z,;
2025-11-11T07:15:04.912811Z,","
2025-11-11T07:15:05.147541Z,l
2025-11-11T07:15:06.296216Z,u
2025-11-11T07:15:06.432735Z,g
2025-11-11T07:15:08.082190Z,[Control_L]
2025-11-11T07:15:08.787416Z,
2025-11-11T07:15:08.937023Z,[Control_L]
